"","","2015","2015","2014","2014","2013","2013","2012","2012","2011","2011","2010","2010","2009","2009","2008","2008","2007","2007","2006","2006","2005","2005","2004","2004","2003","2003","2002","2002","2001","2001","2000","2000"
"Indicator","Age Group"," Male"," Female"," Male"," Female"," Male"," Female"," Male"," Female"," Male"," Female"," Male"," Female"," Male"," Female"," Male"," Female"," Male"," Female"," Male"," Female"," Male"," Female"," Male"," Female"," Male"," Female"," Male"," Female"," Male"," Female"," Male"," Female"
"nMx - age-specific death rate between ages x and x+n"," &lt;1 year","0.074","0.065","0.076","0.067","0.078","0.069","0.08","0.071","0.082","0.073","0.084","0.075","0.086","0.077","0.088","0.078","0.09","0.08","0.092","0.082","0.095","0.084","0.097","0.087","0.1","0.089","0.103","0.091","0.106","0.094","0.108","0.096"
"nMx - age-specific death rate between ages x and x+n"," 1-4 years","0.007","0.007","0.007","0.007","0.007","0.007","0.007","0.008","0.008","0.008","0.008","0.008","0.008","0.009","0.009","0.009","0.009","0.009","0.009","0.01","0.01","0.01","0.01","0.011","0.01","0.011","0.011","0.011","0.011","0.012","0.012","0.012"
"nMx - age-specific death rate between ages x and x+n"," 5-9 years","0.002","0.002","0.002","0.002","0.002","0.002","0.002","0.002","0.002","0.002","0.002","0.002","0.002","0.002","0.002","0.002","0.002","0.003","0.002","0.003","0.002","0.003","0.002","0.003","0.002","0.003","0.002","0.003","0.003","0.003","0.003","0.003"
"nMx - age-specific death rate between ages x and x+n"," 10-14 years","0.002","0.002","0.002","0.002","0.002","0.002","0.002","0.002","0.002","0.002","0.002","0.002","0.002","0.002","0.002","0.002","0.002","0.002","0.002","0.002","0.002","0.002","0.002","0.002","0.002","0.002","0.002","0.002","0.002","0.002","0.002","0.002"
"nMx - age-specific death rate between ages x and x+n"," 15-19  years","0.003","0.002","0.003","0.003","0.003","0.002","0.003","0.003","0.003","0.003","0.003","0.003","0.003","0.003","0.003","0.003","0.003","0.003","0.003","0.003","0.003","0.003","0.003","0.003","0.003","0.003","0.003","0.003","0.003","0.003","0.003","0.003"
"nMx - age-specific death rate between ages x and x+n"," 20-24 years","0.004","0.003","0.004","0.003","0.004","0.003","0.004","0.003","0.004","0.003","0.004","0.003","0.004","0.003","0.004","0.004","0.005","0.004","0.004","0.004","0.004","0.004","0.004","0.004","0.004","0.004","0.004","0.004","0.005","0.004","0.005","0.004"
"nMx - age-specific death rate between ages x and x+n"," 25-29 years","0.004","0.003","0.004","0.004","0.004","0.004","0.004","0.004","0.004","0.004","0.004","0.004","0.004","0.004","0.004","0.004","0.005","0.004","0.005","0.004","0.004","0.004","0.004","0.004","0.004","0.004","0.004","0.005","0.005","0.005","0.006","0.005"
"nMx - age-specific death rate between ages x and x+n"," 30-34 years","0.004","0.004","0.005","0.004","0.004","0.004","0.005","0.004","0.005","0.004","0.005","0.004","0.005","0.005","0.005","0.005","0.005","0.005","0.005","0.005","0.005","0.005","0.005","0.005","0.005","0.005","0.005","0.005","0.006","0.005","0.006","0.006"
"nMx - age-specific death rate between ages x and x+n"," 35-39 years","0.005","0.005","0.005","0.005","0.005","0.005","0.005","0.005","0.005","0.005","0.006","0.005","0.006","0.005","0.006","0.005","0.006","0.006","0.006","0.006","0.006","0.006","0.006","0.006","0.006","0.006","0.006","0.006","0.007","0.006","0.007","0.006"
"nMx - age-specific death rate between ages x and x+n"," 40-44 years","0.006","0.006","0.007","0.006","0.007","0.006","0.007","0.006","0.007","0.006","0.007","0.006","0.007","0.006","0.007","0.006","0.008","0.007","0.008","0.007","0.007","0.007","0.008","0.007","0.008","0.007","0.008","0.007","0.008","0.007","0.009","0.007"
"nMx - age-specific death rate between ages x and x+n"," 45-49 years","0.009","0.007","0.009","0.007","0.009","0.007","0.009","0.008","0.009","0.008","0.01","0.008","0.01","0.008","0.01","0.008","0.01","0.008","0.01","0.008","0.01","0.008","0.01","0.008","0.01","0.008","0.01","0.009","0.011","0.009","0.011","0.009"
"nMx - age-specific death rate between ages x and x+n"," 50-54 years","0.013","0.01","0.013","0.01","0.013","0.01","0.013","0.01","0.013","0.011","0.014","0.011","0.014","0.011","0.014","0.011","0.014","0.011","0.014","0.011","0.014","0.011","0.014","0.011","0.014","0.012","0.015","0.012","0.015","0.012","0.015","0.012"
"nMx - age-specific death rate between ages x and x+n"," 55-59 years","0.019","0.014","0.019","0.014","0.019","0.014","0.019","0.015","0.019","0.015","0.02","0.015","0.02","0.015","0.02","0.015","0.02","0.016","0.021","0.016","0.021","0.016","0.021","0.016","0.021","0.016","0.021","0.016","0.021","0.017","0.022","0.017"
"nMx - age-specific death rate between ages x and x+n"," 60-64 years","0.028","0.022","0.028","0.022","0.028","0.022","0.029","0.022","0.029","0.022","0.029","0.023","0.03","0.023","0.03","0.023","0.03","0.024","0.03","0.024","0.03","0.024","0.031","0.024","0.031","0.025","0.031","0.025","0.032","0.025","0.032","0.025"
"nMx - age-specific death rate between ages x and x+n"," 65-69 years","0.042","0.034","0.043","0.034","0.043","0.034","0.043","0.034","0.043","0.035","0.044","0.035","0.044","0.035","0.044","0.036","0.045","0.036","0.045","0.036","0.045","0.037","0.045","0.037","0.046","0.037","0.046","0.038","0.046","0.038","0.047","0.038"
"nMx - age-specific death rate between ages x and x+n"," 70-74 years","0.065","0.055","0.065","0.055","0.066","0.055","0.066","0.056","0.066","0.056","0.067","0.057","0.067","0.057","0.068","0.057","0.068","0.058","0.069","0.058","0.069","0.059","0.069","0.059","0.069","0.06","0.07","0.06","0.07","0.06","0.071","0.061"
"nMx - age-specific death rate between ages x and x+n"," 75-79 years","0.101","0.088","0.102","0.089","0.102","0.089","0.103","0.09","0.103","0.09","0.104","0.091","0.104","0.091","0.105","0.092","0.106","0.093","0.106","0.093","0.107","0.094","0.107","0.094","0.107","0.095","0.108","0.095","0.108","0.096","0.109","0.096"
"nMx - age-specific death rate between ages x and x+n"," 80-84 years","0.157","0.142","0.158","0.143","0.158","0.143","0.159","0.144","0.159","0.144","0.16","0.145","0.161","0.146","0.162","0.146","0.162","0.147","0.163","0.148","0.164","0.148","0.164","0.149","0.164","0.149","0.165","0.15","0.165","0.15","0.166","0.151"
"nMx - age-specific death rate between ages x and x+n"," 85+ years","0.266","0.245","0.267","0.246","0.267","0.246","0.267","0.246","0.268","0.246","0.268","0.247","0.269","0.247","0.27","0.248","0.27","0.249","0.271","0.249","0.272","0.25","0.272","0.25","0.272","0.25","0.273","0.251","0.273","0.251","0.273","0.252"
"nqx - probability of dying between ages x and x+n"," &lt;1 year","0.07","0.062","0.072","0.064","0.074","0.066","0.076","0.067","0.078","0.069","0.079","0.071","0.081","0.073","0.083","0.074","0.085","0.076","0.087","0.078","0.089","0.08","0.091","0.082","0.094","0.084","0.096","0.086","0.099","0.088","0.101","0.09"
"nqx - probability of dying between ages x and x+n"," 1-4 years","0.026","0.027","0.027","0.028","0.028","0.029","0.029","0.031","0.031","0.032","0.032","0.033","0.033","0.034","0.034","0.035","0.035","0.037","0.036","0.038","0.038","0.039","0.039","0.041","0.04","0.042","0.042","0.044","0.044","0.046","0.045","0.047"
"nqx - probability of dying between ages x and x+n"," 5-9 years","0.009","0.01","0.01","0.011","0.01","0.01","0.01","0.011","0.01","0.011","0.011","0.011","0.011","0.012","0.011","0.012","0.012","0.013","0.012","0.013","0.011","0.012","0.012","0.013","0.012","0.013","0.012","0.013","0.013","0.014","0.013","0.015"
"nqx - probability of dying between ages x and x+n"," 10-14 years","0.008","0.009","0.009","0.009","0.008","0.009","0.009","0.009","0.009","0.009","0.009","0.009","0.009","0.01","0.009","0.01","0.01","0.011","0.01","0.01","0.009","0.01","0.009","0.01","0.009","0.01","0.009","0.011","0.01","0.012","0.011","0.012"
"nqx - probability of dying between ages x and x+n"," 15-19  years","0.013","0.012","0.014","0.013","0.013","0.012","0.014","0.013","0.014","0.013","0.014","0.013","0.014","0.013","0.014","0.014","0.015","0.015","0.015","0.015","0.014","0.014","0.014","0.014","0.014","0.015","0.014","0.015","0.017","0.016","0.017","0.017"
"nqx - probability of dying between ages x and x+n"," 20-24 years","0.02","0.015","0.021","0.016","0.02","0.016","0.02","0.016","0.02","0.017","0.021","0.017","0.02","0.017","0.021","0.018","0.023","0.019","0.022","0.019","0.02","0.019","0.02","0.019","0.02","0.019","0.02","0.02","0.025","0.021","0.027","0.022"
"nqx - probability of dying between ages x and x+n"," 25-29 years","0.02","0.017","0.022","0.018","0.02","0.018","0.021","0.018","0.021","0.019","0.021","0.019","0.021","0.02","0.022","0.02","0.024","0.021","0.023","0.021","0.021","0.021","0.021","0.022","0.021","0.022","0.022","0.023","0.027","0.024","0.028","0.024"
"nqx - probability of dying between ages x and x+n"," 30-34 years","0.022","0.02","0.023","0.021","0.022","0.02","0.023","0.021","0.023","0.021","0.023","0.022","0.023","0.022","0.024","0.023","0.026","0.024","0.025","0.024","0.024","0.024","0.024","0.025","0.024","0.025","0.024","0.026","0.029","0.027","0.03","0.028"
"nqx - probability of dying between ages x and x+n"," 35-39 years","0.025","0.023","0.027","0.024","0.026","0.024","0.027","0.024","0.027","0.025","0.028","0.025","0.028","0.026","0.029","0.027","0.03","0.028","0.03","0.028","0.029","0.028","0.029","0.028","0.029","0.029","0.03","0.03","0.034","0.031","0.035","0.031"
"nqx - probability of dying between ages x and x+n"," 40-44 years","0.032","0.028","0.033","0.029","0.033","0.029","0.034","0.029","0.034","0.03","0.035","0.03","0.035","0.031","0.036","0.032","0.038","0.033","0.038","0.033","0.037","0.033","0.037","0.033","0.037","0.034","0.038","0.034","0.041","0.036","0.042","0.036"
"nqx - probability of dying between ages x and x+n"," 45-49 years","0.043","0.035","0.045","0.036","0.044","0.036","0.045","0.037","0.046","0.037","0.046","0.038","0.047","0.038","0.048","0.039","0.05","0.04","0.05","0.04","0.049","0.041","0.049","0.041","0.05","0.041","0.051","0.042","0.053","0.043","0.054","0.044"
"nqx - probability of dying between ages x and x+n"," 50-54 years","0.062","0.049","0.063","0.05","0.063","0.05","0.064","0.051","0.064","0.051","0.065","0.052","0.066","0.053","0.067","0.054","0.069","0.055","0.069","0.055","0.069","0.055","0.069","0.056","0.07","0.056","0.071","0.057","0.073","0.058","0.074","0.059"
"nqx - probability of dying between ages x and x+n"," 55-59 years","0.089","0.068","0.091","0.069","0.091","0.07","0.092","0.07","0.093","0.071","0.094","0.072","0.095","0.073","0.096","0.074","0.098","0.075","0.098","0.076","0.098","0.076","0.098","0.077","0.099","0.078","0.1","0.079","0.102","0.08","0.103","0.081"
"nqx - probability of dying between ages x and x+n"," 60-64 years","0.131","0.102","0.133","0.104","0.133","0.104","0.134","0.106","0.135","0.107","0.137","0.108","0.138","0.109","0.139","0.111","0.141","0.112","0.142","0.113","0.142","0.114","0.142","0.115","0.143","0.116","0.145","0.118","0.146","0.119","0.147","0.12"
"nqx - probability of dying between ages x and x+n"," 65-69 years","0.191","0.155","0.193","0.157","0.193","0.158","0.195","0.159","0.196","0.16","0.198","0.162","0.199","0.163","0.2","0.165","0.202","0.166","0.203","0.168","0.204","0.169","0.204","0.17","0.205","0.171","0.208","0.173","0.209","0.174","0.209","0.175"
"nqx - probability of dying between ages x and x+n"," 70-74 years","0.28","0.241","0.282","0.243","0.282","0.244","0.284","0.245","0.285","0.247","0.287","0.249","0.289","0.25","0.29","0.252","0.293","0.254","0.294","0.256","0.295","0.257","0.295","0.258","0.296","0.26","0.299","0.263","0.299","0.263","0.3","0.265"
"nqx - probability of dying between ages x and x+n"," 75-79 years","0.402","0.362","0.404","0.364","0.405","0.365","0.407","0.367","0.408","0.368","0.411","0.37","0.412","0.372","0.414","0.374","0.417","0.376","0.418","0.378","0.419","0.379","0.42","0.38","0.421","0.382","0.424","0.385","0.424","0.386","0.425","0.387"
"nqx - probability of dying between ages x and x+n"," 80-84 years","0.554","0.518","0.556","0.52","0.556","0.521","0.558","0.522","0.559","0.523","0.561","0.525","0.563","0.527","0.565","0.528","0.566","0.53","0.568","0.532","0.569","0.533","0.569","0.534","0.571","0.536","0.573","0.538","0.573","0.539","0.574","0.54"
"nqx - probability of dying between ages x and x+n"," 85+ years","1","1","1","1","1","1","1","1","1","1","1","1","1","1","1","1","1","1","1","1","1","1","1","1","1","1","1","1","1","1","1","1"
"lx - number of people left alive at age x"," &lt;1 year","100000","100000","100000","100000","100000","100000","100000","100000","100000","100000","100000","100000","100000","100000","100000","100000","100000","100000","100000","100000","100000","100000","100000","100000","100000","100000","100000","100000","100000","100000","100000","100000"
"lx - number of people left alive at age x"," 1-4 years","92970","93790","92780","93610","92610","93440","92420","93260","92240","93090","92070","92930","91900","92750","91730","92580","91530","92410","91330","92230","91110","92030","90870","91820","90620","91600","90380","91400","90150","91210","89920","91030"
"lx - number of people left alive at age x"," 5-9 years","90540","91260","90260","90970","89980","90690","89700","90410","89420","90130","89160","89860","88900","89590","88630","89310","88340","89030","88020","88730","87680","88410","87330","88060","86950","87710","86580","87370","86220","87040","85890","86730"
"lx - number of people left alive at age x"," 10-14 years","89682.04","90354.41","89353.33","90011.32","89099.02","89750.48","88794.23","89439.78","88495.69","89137.77","88213.73","88843.7","87940.68","88559.1","87632.66","88237.98","87295.71","87905.27","86983.91","87605.77","86677.72","87311.27","86321.05","86944.41","85933.29","86575.86","85537.55","86195.82","85128.5","85808.18","84780.05","85464.1"
"lx - number of people left alive at age x"," 15-19  years","88936.33","89585.09","88550.8","89188.02","88349.06","88963.3","88023.8","88628","87716.89","88312.05","87426.13","88004.26","87157.02","87716.41","86815.49","87359.67","86430.09","86977.77","86148.44","86694.37","85907.03","86445.38","85553.55","86070.02","85167.19","85692.02","84748.57","85280.89","84238.86","84811.55","83865.29","84434.02"
"lx - number of people left alive at age x"," 20-24 years","87759.73","88509.36","87295.13","88052.58","87172.71","87860.29","86821.06","87494.73","86504.38","87159.09","86204.04","86831.07","85944.58","86534.81","85559.05","86136.87","85108.23","85699.61","84871.86","85425.72","84723.18","85214.31","84374.22","84824.03","83990.76","84429.61","83545.83","83981.38","82847.35","83417.8","82435.28","83001.99"
"lx - number of people left alive at age x"," 25-29 years","86033.55","87155.88","85444.35","86637.73","85455.04","86468.05","85064.25","86067.67","84734.39","85705.88","84426.77","85351.34","84191.38","85038.73","83738.77","84594.93","83184.6","84098.84","83028.02","83823.06","83042.63","83635.09","82700.31","83222.26","82327.24","82804.34","81855.72","82317.74","80743.79","81655.95","80247.92","81199.41"
"lx - number of people left alive at age x"," 30-34 years","84309.91","85650.45","83597.97","85072.06","83725.78","84919.51","83292.34","84483.27","82943.93","84092.34","82622.77","83706.78","82402.66","83371.23","81879.62","82878.38","81219.93","82321.48","81132.52","82038.08","81299.21","81867.19","80961.28","81431.16","80595.48","80987.95","80095.2","80461.35","78568.98","79707.92","77994.55","79211.18"
"lx - number of people left alive at age x"," 35-39 years","82490.52","83963.72","81662.06","83324.45","81887.51","83182.74","81409.26","82707.7","81036.83","82284.52","80693.8","81864.1","80476.47","81501.97","79880.66","80958.74","79117.54","80339.86","79085.72","80045.88","79384.34","79887.4","79048.03","79429.1","78684.65","78958.95","78150.84","78390.13","76259.89","77555.7","75616.98","77019.58"
"lx - number of people left alive at age x"," 40-44 years","80405.08","82034.39","79472.84","81335.09","79769.48","81201.73","79245.35","80688.1","78843.78","80232.98","78469.93","79777.39","78242.71","79388.58","77577.34","78797.01","76721.16","78118.92","76725.4","77813.24","77120.8","77663.21","76781.66","77184.04","76413.52","76687.25","75841.12","76076.78","73681.81","75174.93","72984.68","74602.67"
"lx - number of people left alive at age x"," 45-49 years","77836.73","79758.3","76816.29","79002.3","77156.53","78879.09","76588.41","78330.3","76154.05","77847.3","75740.2","77358.91","75489.3","76946.47","74760.38","76311.86","73824.88","75579.94","73841.45","75263.61","74289.97","75120.2","73945.28","74625.63","73564.73","74105.34","72952.2","73454.67","70635.91","72501.83","69902.3","71898.48"
"lx - number of people left alive at age x"," 50-54 years","74471.67","76931.7","73381.71","76126.4","73746.94","76015.01","73141.04","75437.09","72676.34","74932.56","72221.01","74416.59","71942.3","73986.06","71161.44","73317.43","70164.03","72540.69","70179.74","72216.03","70651.95","72077.43","70304.23","71575.22","69910.55","71036.91","69260.92","70352.09","66875.77","69368.7","66120.91","68743.82"
"lx - number of people left alive at age x"," 55-59 years","69890.68","73176.44","68752.26","72327.2","69119.96","72220.2","68482.6","71613.9","67990.35","71087.34","67492.71","70540.85","67182.75","70089.22","66363.46","69389.53","65324.82","68573.31","65325.34","68235.51","65789.88","68091.83","65440.68","67584.71","65034.35","67028.9","64350.56","66310.64","61976.13","65312.62","61218.04","64668.29"
"lx - number of people left alive at age x"," 60-64 years","63639.52","68188.08","62490.15","67308.6","62842.57","67198.16","62192.24","66569.93","61688.22","66027.56","61158.85","65454.37","60824.77","64984.77","59992.67","64264.26","58945.63","63421.2","58925.21","63065.56","59360.32","62904.46","59021.21","62394.26","58613.38","61824.36","57900.16","61074.42","55652.53","60098.43","54921.11","59448.81"
"lx - number of people left alive at age x"," 65-69 years","55298.97","61203.04","54188.32","60314.21","54490.62","60186.09","53847.81","59542.88","53345.56","58985","52796.28","58382.72","52443.55","57889.61","51633.59","57156.55","50627.44","56303.45","50574.27","55926.66","50936.73","55736.86","50615.28","55235.38","50214.81","54660.45","49487.42","53883.15","47501.94","52973.65","46827.7","52331.96"
"lx - number of people left alive at age x"," 70-74 years","44731.27","51700.51","43729.38","50846.61","43960.8","50698.4","43366.38","50071.34","42899.96","49529.76","42364.76","48931.97","42016.66","48447.46","41281.25","47746.59","40378.83","46930.47","40290.62","46549.71","40551.87","46334.57","40266.3","45866.61","39895.73","45314.31","39188.3","44544.9","37597.71","43761.39","37021.19","43164"
"lx - number of people left alive at age x"," 75-79 years","32224.16","39244.12","31414.66","38495.95","31559.03","38343.08","31063.77","37785.18","30670.38","37302.82","30200.15","36757.51","29888.48","36317.3","29289.28","35704.02","28565","34992.76","28456.65","34639","28606.73","34415.98","28380.54","34019.47","28072.01","33535.74","27468.66","32848.61","26347.2","32241.92","25907.39","31736.89"
"lx - number of people left alive at age x"," 80-84 years","19263","25045","18712.7","24487.43","18775.48","24354.13","18428.21","23932.73","18146.17","23566.66","17799.61","23146.39","17563.26","22807.29","17152.8","22353.43","16666.15","21829.32","16564.07","21552.13","16618.27","21360.33","16465.14","21076.57","16248.61","20718.18","15832.23","20209.53","15176.18","19808.29","14896.19","19446.97"
"lx - number of people left alive at age x"," 85+ years","8593.467","12074.17","8312.878","11756.84","8330.075","11677.69","8148.817","11438.81","7999.15","11231.9","7809.319","10989.11","7678.396","10795.67","7469.291","10544.62","7224.962","10252.09","7159.554","10089.72","7163.718","9967.384","7089.668","9819.984","6977.189","9619.764","6761.135","9336.633","6483.89","9140.876","6351.786","8947.405"
"ndx - number of people dying between ages x and x+n"," &lt;1 year","7030","6210","7220","6390","7390","6560","7580","6740","7760","6910","7930","7070","8100","7250","8270","7420","8470","7590","8670","7770","8890.001","7970","9130","8180","9380","8400.001","9620","8600","9850","8790","10080","8970"
"ndx - number of people dying between ages x and x+n"," 1-4 years","2430","2530","2520","2640","2630","2750","2720","2850","2820","2960","2910","3070","3000","3160","3100","3270","3190","3380","3310.001","3500","3430","3620","3540","3760","3670","3890","3800","4030","3930","4170","4030","4300"
"ndx - number of people dying between ages x and x+n"," 5-9 years","857.958","905.587","906.674","958.682","880.983","939.519","905.775","970.22","924.309","992.224","946.269","1016.3","959.324","1030.9","997.339","1072.024","1044.291","1124.733","1036.086","1124.226","1002.284","1098.736","1008.951","1115.59","1016.712","1134.143","1042.442","1174.181","1091.502","1231.818","1109.951","1265.902"
"ndx - number of people dying between ages x and x+n"," 10-14 years","745.712","769.332","802.531","823.302","749.956","787.179","770.424","811.784","778.798","825.725","787.605","839.443","783.667","842.697","817.172","878.305","865.627","927.499","835.479","911.409","770.691","865.879","767.492","874.397","766.103","883.835","788.987","914.932","889.641","996.623","914.757","1030.084"
"ndx - number of people dying between ages x and x+n"," 15-19  years","1176.593","1075.727","1255.671","1135.434","1176.352","1103.016","1202.746","1133.271","1212.517","1152.958","1222.095","1173.185","1212.437","1181.59","1256.449","1222.801","1321.859","1278.156","1276.577","1268.649","1183.853","1231.071","1179.337","1245.988","1176.427","1262.416","1202.745","1299.509","1391.505","1393.758","1430.007","1432.026"
"ndx - number of people dying between ages x and x+n"," 20-24 years","1726.179","1353.486","1850.777","1414.842","1717.672","1392.243","1756.809","1427.055","1769.983","1453.21","1777.266","1479.726","1753.196","1496.082","1820.282","1541.938","1923.624","1600.775","1843.834","1602.659","1680.545","1579.221","1673.902","1601.77","1663.513","1625.262","1690.108","1663.644","2103.566","1761.855","2187.361","1802.578"
"ndx - number of people dying between ages x and x+n"," 25-29 years","1723.644","1505.432","1846.382","1565.675","1729.255","1548.542","1771.914","1584.406","1790.463","1613.529","1804.004","1644.564","1788.718","1667.506","1859.147","1716.552","1964.673","1777.351","1895.504","1784.986","1743.425","1767.908","1739.033","1791.097","1731.767","1816.39","1760.518","1856.388","2174.802","1948.024","2253.364","1988.234"
"ndx - number of people dying between ages x and x+n"," 30-34 years","1819.389","1686.724","1935.903","1747.619","1838.272","1736.763","1883.08","1775.561","1907.101","1807.825","1928.97","1842.683","1926.199","1869.262","1998.952","1919.633","2102.394","1981.623","2046.808","1992.199","1914.878","1979.79","1913.251","2002.061","1910.83","2028.999","1944.364","2071.219","2309.096","2152.229","2377.579","2191.599"
"ndx - number of people dying between ages x and x+n"," 35-39 years","2085.446","1929.328","2189.224","1989.361","2118.02","1981.004","2163.909","2019.599","2193.046","2051.528","2223.874","2086.71","2233.755","2113.394","2303.319","2161.733","2396.382","2220.937","2360.319","2232.635","2263.536","2224.186","2266.377","2245.061","2271.134","2271.701","2309.715","2313.355","2578.08","2380.764","2632.297","2416.904"
"ndx - number of people dying between ages x and x+n"," 40-44 years","2568.345","2276.088","2656.547","2332.792","2612.957","2322.638","2656.948","2357.794","2689.738","2385.685","2729.73","2418.477","2753.405","2442.109","2816.961","2485.15","2896.271","2538.986","2883.954","2549.636","2830.826","2543.008","2836.373","2558.407","2848.787","2581.904","2888.922","2622.106","3045.896","2673.1","3082.377","2704.195"
"ndx - number of people dying between ages x and x+n"," 45-49 years","3365.059","2826.599","3434.581","2875.898","3409.597","2864.085","3447.368","2893.22","3477.707","2914.737","3519.193","2942.329","3547.007","2960.406","3598.947","2994.427","3660.852","3039.248","3661.701","3047.58","3638.024","3042.776","3641.044","3050.415","3654.171","3068.439","3691.273","3102.587","3760.146","3133.132","3781.389","3154.655"
"ndx - number of people dying between ages x and x+n"," 50-54 years","4580.993","3755.263","4629.452","3799.198","4626.978","3794.809","4658.438","3823.185","4685.981","3845.227","4728.293","3875.733","4759.55","3896.843","4797.979","3927.901","4839.214","3967.374","4854.399","3980.527","4862.071","3985.604","4863.559","3990.509","4876.205","4008.01","4910.36","4041.444","4899.64","4056.075","4902.875","4075.532"
"ndx - number of people dying between ages x and x+n"," 55-59 years","6251.16","4988.363","6262.11","5018.603","6277.396","5022.039","6290.359","5043.971","6302.127","5059.776","6333.863","5086.485","6357.98","5104.453","6370.789","5125.275","6379.192","5152.115","6400.128","5169.948","6429.552","5187.365","6419.463","5190.453","6420.974","5204.541","6450.396","5236.22","6323.595","5214.189","6296.924","5219.475"
"ndx - number of people dying between ages x and x+n"," 60-64 years","8340.553","6985.035","8301.825","6994.388","8351.948","7012.063","8344.432","7027.054","8342.661","7042.566","8362.567","7071.646","8381.219","7095.159","8359.081","7107.704","8318.188","7117.748","8350.945","7138.896","8423.597","7167.606","8405.935","7158.88","8398.566","7163.914","8412.745","7191.275","8150.59","7124.783","8093.418","7116.846"
"ndx - number of people dying between ages x and x+n"," 65-69 years","10567.71","9502.536","10458.95","9467.601","10529.82","9487.696","10481.43","9471.536","10445.6","9455.238","10431.52","9450.752","10426.89","9442.141","10352.34","9409.959","10248.61","9372.978","10283.65","9376.949","10384.86","9402.281","10348.98","9368.773","10319.09","9346.132","10299.12","9338.251","9904.232","9212.259","9806.503","9167.962"
"ndx - number of people dying between ages x and x+n"," 70-74 years","12507.11","12456.39","12314.71","12350.67","12401.77","12355.32","12302.61","12286.16","12229.59","12226.94","12164.61","12174.46","12128.18","12130.16","11991.97","12042.57","11813.82","11937.72","11833.97","11910.72","11945.13","11918.59","11885.76","11847.14","11823.71","11778.57","11719.64","11696.29","11250.51","11519.47","11113.8","11427.11"
"ndx - number of people dying between ages x and x+n"," 75-79 years","12961.16","14199.12","12701.96","14008.51","12783.55","13988.95","12635.56","13852.44","12524.21","13736.16","12400.54","13611.12","12325.22","13510.01","12136.47","13350.59","11898.85","13163.44","11892.58","13086.87","11988.47","13055.65","11915.39","12942.9","11823.41","12817.57","11636.43","12639.07","11171.02","12433.64","11011.2","12289.92"
"ndx - number of people dying between ages x and x+n"," 80-84 years","10669.53","12970.83","10399.82","12730.6","10445.41","12676.44","10279.39","12493.92","10147.02","12334.76","9990.292","12157.28","9884.866","12011.61","9683.514","11808.81","9441.192","11577.23","9404.517","11462.41","9454.552","11392.94","9375.477","11256.58","9271.416","11098.41","9071.092","10872.9","8692.295","10667.41","8544.408","10499.57"
"ndx - number of people dying between ages x and x+n"," 85+ years","8593.467","12074.17","8312.878","11756.84","8330.075","11677.69","8148.817","11438.81","7999.15","11231.9","7809.319","10989.11","7678.396","10795.67","7469.291","10544.62","7224.962","10252.09","7159.554","10089.72","7163.718","9967.384","7089.668","9819.984","6977.189","9619.764","6761.135","9336.633","6483.89","9140.876","6351.786","8947.405"
"nLx - person-years lived between ages x and x+n"," &lt;1 year","94705.96","95223.59","94595.69","95092.52","94502.62","94972.64","94396.7","94854.63","94300.08","94770.73","94213.12","94714.48","94129.03","94652.41","94048.49","94594.77","93951.65","94523.66","93864.31","94440.91","93768.76","94342.73","93660.13","94237.43","93539.88","94126.17","93418.12","94030.76","93304.94","93942.9","93190.75","93862.43"
"nLx - person-years lived between ages x and x+n"," 1-4 years","365632.8","368672.2","364639.7","367693.9","363674.1","366749.2","362677.6","365773.5","361689.3","364789.2","360761.6","363829.1","359830.5","362834.9","358872","361835.2","357819.3","360851.3","356684.8","359806.6","355467.4","358683.5","354195.4","357468.9","352832.6","356239.8","351513.1","355063.1","350232.5","353925.8","349031.4","352854.3"
"nLx - person-years lived between ages x and x+n"," 5-9 years","450420.2","453887.9","448971.8","452385.6","447689.8","451092.6","446235.6","449624.5","444789.2","448169.4","443434.3","446759.3","442101.7","445372.8","440656.7","443869.9","439089.3","442338.2","437509.8","440839.4","435894.3","439303.2","434127.6","437511","432208.2","435714.7","430293.9","433914.6","428371.3","432120.4","426675.1","430485.3"
"nLx - person-years lived between ages x and x+n"," 10-14 years","446559.8","449860.5","444766.7","448003.7","443621","446785.1","442045.1","445169.5","440531.4","443624.5","439099.7","442119.9","437744.3","440688.8","436120.4","438994.1","434314.5","437207.6","432830.9","435750.3","431461.9","434391.6","429686.5","432536.1","427751.2","430669.7","425715.3","428691.8","423418.4","426549.3","421613.3","424745.3"
"nLx - person-years lived between ages x and x+n"," 15-19  years","441935.7","445384.6","439822.5","443257","438998.1","442209","437309.3","440459.9","435750.9","438832.5","434273.9","437244.7","432950","435784.5","431138.6","433902.2","429057.6","431860.5","427754.3","430464.9","426763.4","429308","425005.7","427394.8","423079.8","425464.9","420924.3","423320.3","417932.5","420749.1","415973.5","418769.8"
"nLx - person-years lived between ages x and x+n"," 20-24 years","434617.5","439275.1","431993","436842","431703.6","435934.4","429850.9","434021.6","428235.8","432279.3","426716.8","430574.2","425478.1","429052.5","423388.3","426950.9","420884.2","424621.2","419895.8","423246.2","419548","422245","417819.5","420238","415927.6","418208","413638.8","415873","409145.9","412816.1","406883","410637.5"
"nLx - person-years lived between ages x and x+n"," 25-29 years","425908.3","432095.6","422659.5","429356.6","423002.8","428549.2","420943.9","426458.7","419249.2","424577.5","417678","422727.9","416539.2","421107.7","414102.5","418767.5","411071.5","416137","410459.8","414738.3","410908.7","413839.3","409208.3","411717.1","407361.1","409564.3","404932.8","407032.1","398350.7","403497.2","395677.7","401114.9"
"nLx - person-years lived between ages x and x+n"," 30-34 years","417115","424130.4","413270.5","421088.3","414146.9","420350.5","411869.7","418072.9","410068.4","416037.8","408408.5","414023.2","407314","412278.8","404520.5","409689.5","400968.8","406751.4","400666.5","405306.6","401821.1","404480.7","400134.6","402244.1","398310.6","399960.1","395726.5","397221.8","387203.6","393254.2","384163.3","390672.3"
"nLx - person-years lived between ages x and x+n"," 35-39 years","407436.2","415120.3","403041.9","411775.1","404338.3","411084.2","401834.3","408612.2","399899.8","406415.6","398108.2","404225","396995.5","402346.4","393846.4","399509.3","389803.8","396267.2","389729.2","394765.5","391453.4","393990.6","389762.6","391644.8","387931.7","389225.8","385167.1","386276.8","375060.8","381936.6","371712.8","379164.9"
"nLx - person-years lived between ages x and x+n"," 40-44 years","395896.7","404666.8","391020.6","401029","392603.8","400382.7","389873.8","397725.2","387783.4","395378","385814.4","393016.4","384617.4","391010.8","381134","387944.2","376658.3","384418.5","376704.2","382859.5","378803.9","382120.8","377090","379682.9","375214.8","377137.3","372251.9","373982.8","361073.2","369345.3","357495.5","366404.5"
"nLx - person-years lived between ages x and x+n"," 45-49 years","381197.4","392029.1","375924.2","388127","377678.9","387535.2","374742.8","384717.4","372493.2","382246.7","370319.6","379734.6","368993.2","377624.9","365218.9","374366","360387.5","370594.4","360461.7","368988.2","362754.2","368278.2","361016.9","365782.4","359076.3","363133.3","355918.8","359793.7","344166.7","354952.3","340442.2","351880.2"
"nLx - person-years lived between ages x and x+n"," 50-54 years","361506.5","375728.1","355934.3","371593.1","357758.8","371042.5","354647.3","368081.3","352251.2","365502.3","349866.8","362845.7","348391.8","360638.7","344388.5","357217.3","339295.3","353235.2","339329.3","351576","341663.3","350866.3","339912.6","348339","337905.6","345601.3","334568","342093.3","322660.6","337137.8","318871.6","333963.5"
"nLx - person-years lived between ages x and x+n"," 55-59 years","334611.8","354074","328884.8","349751.3","330678.3","349203.3","327452.1","346115","324954.5","343439.9","322382.4","340639.3","320766.7","338333.7","316631","334780.9","311408.6","330630.9","311351.6","328894.2","313593.9","328128.9","311862","325580.6","309817","322762.8","306318.6","319091.4","294741.6","314149.5","291007","310911.2"
"nLx - person-years lived between ages x and x+n"," 60-64 years","298263.3","324430.1","292599","320002.2","294231.2","319399.8","290987.8","316214.9","288462.4","313458.1","285758.4","310515","284033.6","308102.9","279916.3","304462.1","274768.7","300214.2","274576.9","298376.6","276566.4","297493.4","274901.7","294953.8","272869","292083.4","269258.3","288260.5","258641.4","283531.4","255112.8","280295.3"
"nLx - person-years lived between ages x and x+n"," 65-69 years","250967.1","283424.2","245663.3","279049.3","246990","278347.1","243880","275155.9","241442.8","272391.8","238717.8","269377.7","236952.6","266919.1","233070.3","263316.8","228277.3","259125.5","227911.8","257217.3","229463.1","256192.5","227927.6","253750.4","225983.1","250915.8","222380.8","247035.2","213401.6","242778.1","210256.2","239665"
"nLx - person-years lived between ages x and x+n"," 70-74 years","192928.8","228437.4","188376.2","224404.5","189303.5","223633.6","186559.8","220647.1","184392.4","218064.3","181861.5","215184.3","180195.7","212850.8","176838.8","209540.2","172749.9","205694.9","172242","203836.9","173255.9","202721.8","171956.7","200535.6","170239.8","197921.9","166943.8","194257.8","160137","190755.3","157578.9","187978.8"
"nLx - person-years lived between ages x and x+n"," 75-79 years","128296.2","160907.2","124885.6","157616.1","125381","156876.2","123261","154402.9","121558","152257.4","119502.6","149819.4","118117.1","147847.2","115582","145155.4","112545.5","142042.8","111998.8","140440.4","112483.3","139377.8","111516.7","137652.5","110187.6","135524.2","107628.5","132514.8","103192.1","129977.9","101384.6","127795.7"
"nLx - person-years lived between ages x and x+n"," 80-84 years","67988.47","91359.47","65934.55","89175.28","66108.84","88626.73","64796.02","86973.99","63720.74","85537.54","62388.24","83878.6","61470.3","82542.44","59937.41","80782.55","58132.65","78746.99","57701.13","77638.88","57818.65","76838.36","57244.62","75754.63","56421.22","74356.75","54858.01","72387.51","52576.8","70905.16","51558.15","69524.65"
"nLx - person-years lived between ages x and x+n"," 85+ years","32338.04","49335.68","31187.23","47885.23","31235.54","47554.24","30491.88","46489.59","29879.37","45580.16","29087.13","44491.85","28547.34","43644.07","27709.15","42549.36","26719.02","41237.52","26418.97","40492.44","26368.87","39892.21","26098.45","39306.85","25629.61","38408.98","24740.37","37150.14","23743.86","36360.88","23226.73","35520.33"
"Tx - person-years lived above age x"," &lt;1 year","5928326","6188042","5864170","6134128","5873647","6120328","5833856","6079571","5801453","6043353","5768393","6005721","5745168","5973634","5697121","5928228","5637904","5876499","5628093","5849679","5639859","5832495","5613128","5796331","5582287","5757019","5536197","5707992","5417356","5648686","5371855","5606246"
"Tx - person-years lived above age x"," 1-4 years","5833620","6092819","5769575","6039035","5779145","6025356","5739459","5984717","5707153","5948582","5674180","5911006","5651039","5878981","5603072","5833633","5543953","5781975","5534228","5755238","5546090","5738152","5519468","5702094","5488747","5662893","5442779","5613961","5324051","5554743","5278664","5512384"
"Tx - person-years lived above age x"," 5-9 years","5467987","5724147","5404935","5671341","5415471","5658607","5376782","5618943","5345463","5583793","5313419","5547177","5291209","5516146","5244200","5471798","5186133","5421124","5177543","5395432","5190623","5379469","5165272","5344625","5135914","5306653","5091266","5258898","4973818","5200817","4929633","5159529"
"Tx - person-years lived above age x"," 10-14 years","5017567","5270259","4955964","5218956","4967781","5207514","4930546","5169319","4900674","5135624","4869984","5100418","4849107","5070773","4803544","5027928","4747044","4978786","4740033","4954592","4754728","4940166","4731145","4907114","4703706","4870938","4660972","4824983","4545447","4768696","4502958","4729044"
"Tx - person-years lived above age x"," 15-19  years","4571007","4820398","4511197","4770952","4524160","4760729","4488501","4724149","4460143","4691999","4430885","4658298","4411363","4630084","4367423","4588934","4312729","4541578","4307202","4518842","4323266","4505774","4301458","4474578","4275955","4440269","4235256","4396291","4122029","4342147","4081344","4304298"
"Tx - person-years lived above age x"," 20-24 years","4129071","4375014","4071375","4327695","4085162","4318520","4051192","4283689","4024392","4253167","3996611","4221053","3978413","4194300","3936284","4155032","3883671","4109718","3879448","4088377","3896503","4076466","3876452","4047183","3852875","4014804","3814332","3972971","3704096","3921398","3665371","3885529"
"Tx - person-years lived above age x"," 25-29 years","3694454","3935738","3639382","3890853","3653458","3882586","3621341","3849667","3596156","3820887","3569894","3790479","3552935","3765247","3512896","3728081","3462787","3685097","3459552","3665131","3476955","3654221","3458633","3626945","3436948","3596596","3400693","3557098","3294950","3508582","3258488","3474891"
"Tx - person-years lived above age x"," 30-34 years","3268546","3503643","3216722","3461496","3230455","3454036","3200397","3423209","3176907","3396310","3152216","3367751","3136395","3344140","3098794","3309314","3051716","3268960","3049092","3250392","3066046","3240382","3049425","3215228","3029586","3187032","2995761","3150066","2896600","3105084","2862810","3073776"
"Tx - person-years lived above age x"," 35-39 years","2851431","3079512","2803452","3040408","2816308","3033686","2788527","3005136","2766838","2980272","2743807","2953728","2729081","2931861","2694273","2899624","2650747","2862208","2648426","2845086","2664225","2835901","2649290","2812984","2631276","2787072","2600034","2752844","2509396","2711830","2478647","2683104"
"Tx - person-years lived above age x"," 40-44 years","2443994","2664392","2400410","2628633","2411970","2622602","2386693","2596523","2366938","2573856","2345699","2549503","2332086","2529514","2300427","2500115","2260943","2465941","2258697","2450320","2272772","2441910","2259528","2421339","2243344","2397846","2214867","2366567","2134335","2329894","2106934","2303939"
"Tx - person-years lived above age x"," 45-49 years","2048098","2259725","2009389","2227604","2019366","2222219","1996819","2198798","1979155","2178478","1959885","2156486","1947468","2138504","1919292","2112171","1884285","2081522","1881992","2067461","1893968","2059789","1882437","2041656","1868129","2020709","1842615","1992584","1773262","1960548","1749438","1937535"
"Tx - person-years lived above age x"," 50-54 years","1666900","1867696","1633465","1839477","1641687","1834684","1622076","1814081","1606662","1796232","1589565","1776752","1578475","1760879","1554074","1737805","1523897","1710928","1521531","1698473","1531214","1691511","1521421","1675874","1509053","1657575","1486696","1632791","1429095","1605596","1408996","1585655"
"Tx - person-years lived above age x"," 55-59 years","1305394","1491968","1277531","1467884","1283928","1463641","1267429","1445999","1254410","1430729","1239698","1413906","1230083","1400240","1209685","1380587","1184602","1357693","1182201","1346897","1189550","1340645","1181508","1327535","1171147","1311974","1152128","1290697","1106434","1268458","1090124","1251691"
"Tx - person-years lived above age x"," 60-64 years","970781.9","1137894","948645.8","1118133","953250.1","1114438","939976.5","1099884","929455.8","1087289","917315.6","1073267","909316.6","1061907","893054","1045806","873193.1","1027062","870849.7","1018002","875956.2","1012516","869645.9","1001954","861330.4","989211.1","845809.8","971605.9","811692.8","954308.8","799117.4","940779.9"
"Tx - person-years lived above age x"," 65-69 years","672518.6","813463.9","656046.8","798130.4","659018.9","795037.9","648988.7","783669.4","640993.3","773831.3","631557.3","762751.8","625283","753803.6","613137.7","741344.3","598424.4","726847.8","596272.8","719625.9","599389.8","715022.8","594744.1","707000.1","588461.4","697127.7","576551.4","683345.4","553051.4","670777.3","544004.6","660484.6"
"Tx - person-years lived above age x"," 70-74 years","421551.5","530039.8","410383.6","519081.1","412028.9","516690.8","405108.7","508513.6","399550.6","501439.4","392839.5","493374.1","388330.4","486884.5","380067.4","478027.5","370147.1","467722.3","368361","462408.6","369926.7","458830.2","366816.5","453249.6","362478.3","446211.9","354170.7","436310.2","339649.8","427999.2","333748.3","420819.5"
"Tx - person-years lived above age x"," 75-79 years","228622.7","301602.4","222007.4","294676.6","222725.4","293057.2","218548.8","287866.4","215158.1","283375.1","210978","278189.8","208134.8","274033.8","203228.6","268487.3","197397.1","262027.3","196118.9","258571.7","196670.8","256108.4","194859.8","252714","192238.4","248290","187226.8","242052.4","179512.8","237243.9","176169.5","232840.7"
"Tx - person-years lived above age x"," 80-84 years","100326.5","140695.2","97121.77","137060.5","97344.38","136181","95287.89","133463.6","93600.11","131117.7","91475.38","128370.5","90017.63","126186.5","87646.56","123331.9","84851.66","119984.5","84120.09","118131.3","84187.52","116730.6","83343.07","115061.5","82050.83","112765.7","79598.38","109537.6","76320.66","107266","74784.89","105045"
"Tx - person-years lived above age x"," 85+ years","32338.04","49335.68","31187.23","47885.23","31235.54","47554.24","30491.88","46489.59","29879.37","45580.16","29087.13","44491.85","28547.34","43644.07","27709.15","42549.36","26719.02","41237.52","26418.97","40492.44","26368.87","39892.21","26098.45","39306.85","25629.61","38408.98","24740.37","37150.14","23743.86","36360.88","23226.73","35520.33"
"ex - expectation of life at age x"," &lt;1 year","59.3","61.9","58.6","61.3","58.7","61.2","58.3","60.8","58","60.4","57.7","60.1","57.5","59.7","57","59.3","56.4","58.8","56.3","58.5","56.4","58.3","56.1","58","55.8","57.6","55.4","57.1","54.2","56.5","53.7","56.1"
"ex - expectation of life at age x"," 1-4 years","62.7","65","62.2","64.5","62.4","64.5","62.1","64.2","61.9","63.9","61.6","63.6","61.5","63.4","61.1","63","60.6","62.6","60.6","62.4","60.9","62.4","60.7","62.1","60.6","61.8","60.2","61.4","59.1","60.9","58.7","60.6"
"ex - expectation of life at age x"," 5-9 years","60.4","62.7","59.9","62.3","60.2","62.4","59.9","62.1","59.8","62","59.6","61.7","59.5","61.6","59.2","61.3","58.7","60.9","58.8","60.8","59.2","60.8","59.1","60.7","59.1","60.5","58.8","60.2","57.7","59.8","57.4","59.5"
"ex - expectation of life at age x"," 10-14 years","55.9","58.3","55.5","58","55.8","58","55.5","57.8","55.4","57.6","55.2","57.4","55.1","57.3","54.8","57","54.4","56.6","54.5","56.6","54.9","56.6","54.8","56.4","54.7","56.3","54.5","56","53.4","55.6","53.1","55.3"
"ex - expectation of life at age x"," 15-19  years","51.4","53.8","50.9","53.5","51.2","53.5","51","53.3","50.8","53.1","50.7","52.9","50.6","52.8","50.3","52.5","49.9","52.2","50","52.1","50.3","52.1","50.3","52","50.2","51.8","50","51.6","48.9","51.2","48.7","51"
"ex - expectation of life at age x"," 20-24 years","47","49.4","46.6","49.1","46.9","49.2","46.7","49","46.5","48.8","46.4","48.6","46.3","48.5","46","48.2","45.6","48","45.7","47.9","46","47.8","45.9","47.7","45.9","47.6","45.7","47.3","44.7","47","44.5","46.8"
"ex - expectation of life at age x"," 25-29 years","42.9","45.2","42.6","44.9","42.8","44.9","42.6","44.7","42.4","44.6","42.3","44.4","42.2","44.3","42","44.1","41.6","43.8","41.7","43.7","41.9","43.7","41.8","43.6","41.7","43.4","41.5","43.2","40.8","43","40.6","42.8"
"ex - expectation of life at age x"," 30-34 years","38.8","40.9","38.5","40.7","38.6","40.7","38.4","40.5","38.3","40.4","38.2","40.2","38.1","40.1","37.8","39.9","37.6","39.7","37.6","39.6","37.7","39.6","37.7","39.5","37.6","39.4","37.4","39.2","36.9","39","36.7","38.8"
"ex - expectation of life at age x"," 35-39 years","34.6","36.7","34.3","36.5","34.4","36.5","34.3","36.3","34.1","36.2","34","36.1","33.9","36","33.7","35.8","33.5","35.6","33.5","35.5","33.6","35.5","33.5","35.4","33.4","35.3","33.3","35.1","32.9","35","32.8","34.8"
"ex - expectation of life at age x"," 40-44 years","30.4","32.5","30.2","32.3","30.2","32.3","30.1","32.2","30","32.1","29.9","32","29.8","31.9","29.7","31.7","29.5","31.6","29.4","31.5","29.5","31.4","29.4","31.4","29.4","31.3","29.2","31.1","29","31","28.9","30.9"
"ex - expectation of life at age x"," 45-49 years","26.3","28.3","26.2","28.2","26.2","28.2","26.1","28.1","26","28","25.9","27.9","25.8","27.8","25.7","27.7","25.5","27.5","25.5","27.5","25.5","27.4","25.5","27.4","25.4","27.3","25.3","27.1","25.1","27","25","26.9"
"ex - expectation of life at age x"," 50-54 years","22.4","24.3","22.3","24.2","22.3","24.1","22.2","24","22.1","24","22","23.9","21.9","23.8","21.8","23.7","21.7","23.6","21.7","23.5","21.7","23.5","21.6","23.4","21.6","23.3","21.5","23.2","21.4","23.1","21.3","23.1"
"ex - expectation of life at age x"," 55-59 years","18.7","20.4","18.6","20.3","18.6","20.3","18.5","20.2","18.4","20.1","18.4","20","18.3","20","18.2","19.9","18.1","19.8","18.1","19.7","18.1","19.7","18.1","19.6","18","19.6","17.9","19.5","17.9","19.4","17.8","19.4"
"ex - expectation of life at age x"," 60-64 years","15.3","16.7","15.2","16.6","15.2","16.6","15.1","16.5","15.1","16.5","15","16.4","14.9","16.3","14.9","16.3","14.8","16.2","14.8","16.1","14.8","16.1","14.7","16.1","14.7","16","14.6","15.9","14.6","15.9","14.6","15.8"
"ex - expectation of life at age x"," 65-69 years","12.2","13.3","12.1","13.2","12.1","13.2","12.1","13.2","12","13.1","12","13.1","11.9","13","11.9","13","11.8","12.9","11.8","12.9","11.8","12.8","11.8","12.8","11.7","12.8","11.7","12.7","11.6","12.7","11.6","12.6"
"ex - expectation of life at age x"," 70-74 years","9.4","10.3","9.4","10.2","9.4","10.2","9.3","10.2","9.3","10.1","9.3","10.1","9.2","10","9.2","10","9.2","10","9.1","9.9","9.1","9.9","9.1","9.9","9.1","9.8","9","9.8","9","9.8","9","9.7"
"ex - expectation of life at age x"," 75-79 years","7.1","7.7","7.1","7.7","7.1","7.6","7","7.6","7","7.6","7","7.6","7","7.5","6.9","7.5","6.9","7.5","6.9","7.5","6.9","7.4","6.9","7.4","6.8","7.4","6.8","7.4","6.8","7.4","6.8","7.3"
"ex - expectation of life at age x"," 80-84 years","5.2","5.6","5.2","5.6","5.2","5.6","5.2","5.6","5.2","5.6","5.1","5.5","5.1","5.5","5.1","5.5","5.1","5.5","5.1","5.5","5.1","5.5","5.1","5.5","5","5.4","5","5.4","5","5.4","5","5.4"
"ex - expectation of life at age x"," 85+ years","3.8","4.1","3.8","4.1","3.7","4.1","3.7","4.1","3.7","4.1","3.7","4","3.7","4","3.7","4","3.7","4","3.7","4","3.7","4","3.7","4","3.7","4","3.7","4","3.7","4","3.7","4"
